date,Ah_in_diff,Ah_out_diff,efficiency
2025-08-03,96552.0,0.0,0.0
2025-08-04,122379.0,120781.0,0.9869422041363306
2025-08-05,92913.0,90427.0,0.9732437871987774
2025-08-06,127323.0,125385.0,0.9847788694894088
2025-08-07,105307.0,100756.0,0.9567834996723864
2025-08-08,105304.0,102418.0,0.972593633670136
2025-08-09,105746.0,100902.0,0.9541921207421558
2025-08-10,437.0,32995.0,75.50343249427918
2025-08-12,346837.0,308594.0,0.889737830738935
2025-08-13,101876.0,101649.0,0.9977718010129962
2025-08-14,118192.0,110153.0,0.9319835521862732
2025-08-15,120779.0,117385.0,0.9718990884176885
2025-08-16,109059.0,107973.0,0.9900420873105383
2025-08-17,31688.0,147107.0,4.642356728098965
2025-08-30,1680997.0,1540556.0,0.9164537473891982
2025-08-31,134059.0,132622.0,0.9892808390335599
2025-09-01,151943.0,150619.0,0.9912862060114648
2025-09-02,74534.0,105394.0,1.4140392304183327
2025-09-03,127456.0,91971.0,0.7215901958322872
2025-09-04,154325.0,153519.0,0.9947772557913495
2025-09-05,137340.0,136290.0,0.9923547400611621
2025-09-06,95459.0,93935.0,0.9840350307461843
2025-09-07,134713.0,155660.0,1.155493530691173
2025-09-08,15422.0,0.0,0.0
2025-09-28,2175094.0,2135850.0,0.981957561374359
2025-09-29,88586.0,87070.0,0.982886686383853
2025-09-30,97260.0,112368.0,1.1553362122146822
2025-10-13,1044976.0,999327.0,0.9563157431366844
2025-10-14,136091.0,133821.0,0.983319984422188
2025-10-15,114996.0,112538.0,0.9786253434902084
2025-10-16,139113.0,136201.0,0.9790673768806654
2025-10-17,113988.0,110527.0,0.9696371547882233
2025-10-18,110024.0,105632.0,0.9600814367774304
2025-10-19,21362.0,33406.0,1.563804887182848
2025-10-22,351046.0,350405.0,0.9981740284749008
2025-10-23,20176.0,1176.0,0.05828707375099128
2025-10-31,903198.0,883104.0,0.9777523865198993
2025-11-07,772668.0,759147.0,0.9825008930096756
2025-11-08,67271.0,63815.0,0.9486257079573664
2025-11-09,81143.0,79808.0,0.9835475641768237
2025-11-10,92552.0,90228.0,0.9748897916846746
2025-11-11,147470.0,148491.0,1.0069234420560114
2025-11-12,91177.0,88103.0,0.9662853570527655
2025-11-13,106035.0,102233.0,0.9641439147451313
2025-11-14,32809.0,31240.0,0.9521777561035082
2025-11-15,118862.0,111403.0,0.9372465548282882
2025-11-16,97863.0,95843.0,0.9793588996862962
2025-11-17,68824.0,67829.0,0.9855428338951528
2025-11-18,41797.0,40632.0,0.9721271861616863
2025-11-19,184.0,0.0,0.0
2025-11-22,134806.0,130288.0,0.9664851712831773
2025-11-23,0.0,0.0,
2025-11-24,477.0,0.0,0.0
2025-11-25,51537.0,48815.0,0.9471835768477016
2025-11-26,57.0,0.0,0.0
2025-11-27,103162.0,100921.0,0.9782768848994785
2025-11-28,194.0,3576.0,18.432989690721648
2025-11-29,96343.0,90033.0,0.9345048420746707
2025-11-30,40140.0,38533.0,0.9599651220727454
2025-12-01,634.0,0.0,0.0
2025-12-02,76220.0,74483.0,0.9772107058514825
2025-12-03,112803.0,112096.0,0.9937324361940728
2025-12-04,112649.0,109862.0,0.9752594341716304
2025-12-05,11125.0,9833.0,0.8838651685393258
2025-12-06,14006.0,13080.0,0.9338854776524347
2025-12-07,59945.0,58574.0,0.977129034948703
2025-12-08,35919.0,35123.0,0.9778390266989615
2025-12-09,10216.0,8604.0,0.8422083007047768
2025-12-10,145496.0,145679.0,1.0012577665365372
2025-12-11,123474.0,118659.0,0.9610039360513144
2025-12-12,110595.0,108946.0,0.9850897418508974
2025-12-13,111190.0,106390.0,0.9568306502383308
2025-12-14,64424.0,60998.0,0.9468210604743574
2025-12-15,85125.0,79245.0,0.9309251101321586
2025-12-16,77625.0,75792.0,0.9763864734299517
2025-12-17,66383.0,64698.0,0.9746169953150656
2025-12-18,64.0,4349.0,67.953125
2025-12-19,127563.0,119450.0,0.9364000533069934
2025-12-20,92027.0,88072.0,0.9570234822389081
2025-12-21,69747.0,63556.0,0.9112363255767273
2025-12-22,99463.0,96963.0,0.9748650251852448
2025-12-23,83225.0,79931.0,0.960420546710724
2025-12-24,71860.0,69486.0,0.9669635402170887
2025-12-25,92478.0,91316.0,0.9874348493695798
2025-12-26,10162.0,9027.0,0.8883093879157646
2025-12-27,76146.0,74267.0,0.9753237202216795
2025-12-28,109858.0,108877.0,0.9910702907389539
2025-12-29,47647.0,45725.0,0.9596616785946649
2025-12-30,67869.0,65375.0,0.9632527368901855
2025-12-31,94092.0,92589.0,0.9840262721591634
2026-01-01,97787.0,94965.0,0.9711413582582552
2026-01-02,116793.0,115372.0,0.9878331749334293
2026-01-03,101557.0,98450.0,0.9694063432358183
2026-01-04,105838.0,105118.0,0.9931971503618738
2026-01-05,110372.0,108763.0,0.985422027325771
2026-01-06,172.0,0.0,0.0
2026-01-09,82680.0,79328.0,0.959458151910982
2026-01-10,98374.0,97046.0,0.9865004980990912
2026-01-11,77010.0,74546.0,0.9680041553045059
2026-01-12,89033.0,85616.0,0.9616209719991464
2026-01-13,117576.0,114116.0,0.970572225624277
2026-01-14,81842.0,79052.0,0.9659099239999023
2026-01-15,121002.0,120080.0,0.9923802912348556
2026-01-16,25788.0,23740.0,0.9205832170001551
2026-01-17,109893.0,107905.0,0.9819096757755271
2026-01-18,100298.0,97308.0,0.9701888372649504
2026-01-19,85950.0,83563.0,0.9722280395578825
2026-01-20,89107.0,86582.0,0.9716632812236974
2026-01-21,130947.0,129884.0,0.9918822118872521
2026-01-22,102031.0,110534.0,1.0833374170595211
2026-01-23,119648.0,106063.0,0.8864586119283231
2026-01-24,101730.0,98660.0,0.9698220780497395
2026-01-25,103803.0,113558.0,1.0939760893230446
2026-01-26,108417.0,94900.0,0.8753239805565548
2026-01-27,108509.0,103633.0,0.9550636352744933
2026-01-28,69467.0,67323.0,0.9691364244893259
2026-01-29,98900.0,97808.0,0.988958543983822
2026-01-30,10178.0,9616.0,0.9447828650029475
2026-01-31,200583.0,194502.0,0.9696833729677988
2026-02-01,109412.0,107305.0,0.9807425145322268
2026-02-02,92958.0,90917.0,0.978043847759203
2026-02-03,67102.0,64175.0,0.9563798396471044
2026-02-04,114100.0,113398.0,0.9938475021910604
2026-02-05,148140.0,144587.0,0.9760159308761982
2026-02-06,77737.0,74926.0,0.9638396130542728
2026-02-07,89343.0,90376.0,1.0115621817042186
2026-02-08,99365.0,96495.0,0.9711165903487143
2026-02-09,105017.0,102235.0,0.973509050915566
2026-02-10,145582.0,140201.0,0.9630380129411603
2026-02-11,74203.0,72952.0,0.9831408433621283
2026-02-12,35061.0,31536.0,0.8994609395054334
2026-02-13,104748.0,102892.0,0.982281284606866
2026-02-14,22131.0,20170.0,0.911391261126926
2026-02-15,88498.0,87236.0,0.9857397907297341
2026-02-16,119040.0,116075.0,0.9750924059139785
2026-02-17,119037.0,116835.0,0.9815015499382544
2026-02-18,94839.0,88096.0,0.9289005577874081
2026-02-19,364.0,3.0,0.008241758241758242
2026-02-20,1810.0,9345.0,5.162983425414365
2026-02-21,10074.0,131.0,0.01300377208655946
2026-02-22,71658.0,68448.0,0.9552038851209914
2026-02-23,616.0,81.0,0.1314935064935065
2026-02-24,97536.0,96704.0,0.9914698162729659
2026-02-25,36085.0,34721.0,0.962200360260496
2026-02-26,58.0,0.0,0.0
2026-02-27,0.0,5.0,inf
2026-02-28,63839.0,60216.0,0.9432478578925109
2026-03-01,247.0,9433.0,38.19028340080972
2026-03-02,78116.0,67002.0,0.8577244098520149
2026-03-03,119184.0,114344.0,0.9593905222177473
2026-03-04,97729.0,96019.0,0.9825026348371517
2026-03-05,101081.0,99972.0,0.9890286008250809
2026-03-06,237.0,37.0,0.15611814345991562
2026-03-07,1966.0,0.0,0.0
2026-03-08,110196.0,107191.0,0.9727304076373008
2026-03-09,103835.0,102530.0,0.9874319834352578
2026-03-10,101140.0,99648.0,0.985248170852284
2026-03-11,353.0,0.0,0.0
2026-03-12,0.0,11854.0,inf
2026-03-13,14188.0,0.0,0.0
2026-03-14,85686.0,83173.0,0.9706719884228462
2026-03-15,104161.0,103243.0,0.9911867205575984
2026-03-16,103018.0,99866.0,0.969403405230154
2026-03-17,119521.0,118716.0,0.9932647819211686
2026-03-18,82399.0,80998.0,0.982997366472894
2026-03-19,97057.0,95536.0,0.9843287964804187
2026-03-20,109867.0,106457.0,0.9689624728080315
2026-03-21,102259.0,100634.0,0.9841089781828495
2026-03-22,138339.0,136005.0,0.9831284019690759
2026-03-23,127789.0,124973.0,0.9779636744946748
2026-03-24,231.0,106728.0,462.02597402597405
2026-03-25,110246.0,0.0,0.0
2026-03-26,53923.0,118737.0,2.2019731839845704
2026-03-27,177374.0,106454.0,0.6001668790239832
2026-03-28,150475.0,148355.0,0.9859112809436783
2026-03-29,111882.0,109988.0,0.9830714502779714
2026-03-30,144004.0,142146.0,0.9870975806227604
2026-03-31,109284.0,106386.0,0.9734819369715604
2026-04-01,156522.0,155013.0,0.9903591827346955
2026-04-02,120942.0,117664.0,0.9728960989565246
2026-04-03,96457.0,94759.0,0.9823963009423888
2026-04-04,64706.0,64637.0,0.9989336383024758
2026-04-05,86837.0,83913.0,0.9663277174476318
2026-04-06,65891.0,99884.0,1.515897467028881
2026-04-07,105443.0,68639.0,0.6509583376800736
2026-04-08,126452.0,123934.0,0.9800873058551861
2026-04-09,12616.0,10958.0,0.8685795814838301
2026-04-10,75641.0,72992.0,0.9649793101624781
2026-04-11,63843.0,62033.0,0.97164920194853
2026-04-12,68276.0,65839.0,0.9643066377643682
2026-04-13,76584.0,127939.0,1.6705708764232738
2026-04-14,119656.0,63850.0,0.5336130240021395
2026-04-15,58178.0,115842.0,1.9911650452060916
2026-04-16,85028.0,52385.0,0.6160911699675401
2026-04-17,36523.0,65754.0,1.800344988089697
2026-04-18,98289.0,36491.0,0.37126229791736615
2026-04-19,103307.0,109172.0,1.0567725323550194
2026-04-20,94099.0,117794.0,1.2518092647105707
2026-04-21,89107.0,51496.0,0.5779119485562302
2026-04-22,99687.0,97467.0,0.9777302958259352
2026-04-23,74159.0,112752.0,1.5204088512520395
2026-04-24,82539.0,36619.0,0.4436569379323714
2026-04-25,60207.0,99629.0,1.6547743617851745
2026-04-26,141959.0,98972.0,0.6971872160271628
2026-04-27,106708.0,103052.0,0.9657382764178881
2026-04-28,93311.0,87396.0,0.9366098316382849
2026-04-29,12609.0,10994.0,0.8719168847648505
2026-04-30,95801.0,93009.0,0.9708562541100824
2026-05-01,57567.0,55271.0,0.960116038702729
2026-05-02,35810.0,34417.0,0.9611002513264452
2026-05-03,64.0,28.0,0.4375
